method,n_agents,n_resources,makespan,lower_bound,normalized_makespan,scheduler_time_s,wall_time_s,dispatches,mean_utilization,min_utilization,p95_utilization,completed,valid,pattern,seed,unique_fraction,source_file,diagnostic_calls,diagnostic_selected_agents,diagnostic_scanned_agents,diagnostic_feasible_agents,diagnostic_candidate_map_time_s,diagnostic_candidate_reduce_time_s,diagnostic_solver_time_s,diagnostic_packing_time_s,diagnostic_empty_calls,diagnostic_simulation_mode,diagnostic_waves,diagnostic_utilization_by_resource,gate_score,gate_decision
Adaptive-SPARSE,10000,4,17.0,15.0,1.1333333333333333,0.1980360539982939,0.1975603999999293,17,0.7675848914359131,0.6769304545636271,0.862963407500351,10000,True,correlated_bursts,100,1.0,correlated_bursts_10000_100_mp.csv,34.0,10000.0,187390.0,98695.0,0.0199177190015689,0.0029001219991187,0.0049625339997874,0.1617125420011689,17.0,waves,17.0,"0.88008670,0.74739100,0.67693045,0.76593141",0.5293244240180331,MP
Adaptive-SPARSE,10000,4,17.0,14.0,1.2142857142857142,0.198235096001099,0.1991902719996687,17,0.778825975923211,0.7222075636012881,0.8168248166824322,10000,True,correlated_bursts,101,1.0,correlated_bursts_10000_101_mp.csv,34.0,10000.0,183140.0,96570.0,0.0204845949988339,0.0029299049992914,0.0052321069988465,0.1618786399990313,17.0,waves,17.0,"0.78842036,0.82183737,0.72220756,0.78283861",0.5366899231304991,MP
Adaptive-SPARSE,10000,4,18.0,14.0,1.2857142857142858,0.2027035619989874,0.1998989210001127,20,0.7192295999312842,0.6724378186852844,0.7640882140112806,10000,True,correlated_bursts,102,1.0,correlated_bursts_10000_102_mp.csv,38.0,10000.0,198110.0,97517.0,0.0204259199986154,0.0029656790011358,0.0054048090000833,0.1626919720006299,18.0,waves,18.0,"0.76997227,0.70376308,0.73074523,0.67243782",0.5411006174057629,MP
Adaptive-SPARSE,10000,4,15.0,14.0,1.0714285714285714,0.17745738700023134,0.1788746739998714,16,0.8447984055410491,0.7735506742604573,0.883805393729051,10000,True,correlated_bursts,103,1.0,correlated_bursts_10000_103_mp.csv,31.0,10000.0,164574.0,86917.0,0.0180626819983444,0.0039273529973797,0.0048544749997745,0.1430828929997005,15.0,waves,15.0,"0.88632032,0.77355067,0.84976848,0.86955415",0.543165841023813,MP
Adaptive-SPARSE,10000,4,17.0,15.0,1.1333333333333333,0.18880953200141445,0.1895847749997301,18,0.7675505740228822,0.7010849119130302,0.8450177552984275,10000,True,correlated_bursts,104,1.0,correlated_bursts_10000_104_mp.csv,35.0,10000.0,180448.0,93734.0,0.0191588419993422,0.0028932029995303,0.0049953530010498,0.154361837000124,17.0,waves,17.0,"0.70866680,0.85135738,0.80909321,0.70108491",0.5325787510065972,MP
Adaptive-SPARSE,10000,4,20.0,14.0,1.4285714285714286,0.19942880699773013,0.2000731299999643,20,0.6530791023345788,0.621045065463384,0.691737295701305,10000,True,correlated_bursts,105,1.0,correlated_bursts_10000_105_mp.csv,40.0,10000.0,184728.0,97364.0,0.0199951939994207,0.0030558720004592,0.0064033769990601,0.1623937630006366,20.0,waves,20.0,"0.64818650,0.62104507,0.64366212,0.69942273",0.548282250726495,MP
Adaptive-SPARSE,10000,4,18.0,15.0,1.2,0.19736101499938735,0.1981219109998164,19,0.7404263638478739,0.6784971174663967,0.7911342000490207,10000,True,correlated_bursts,106,1.0,correlated_bursts_10000_106_mp.csv,37.0,10000.0,194876.0,98114.0,0.0201124299992443,0.002913742999226,0.0054081229995972,0.1614356880004379,18.0,waves,18.0,"0.67849712,0.71053208,0.79318966,0.77948660",0.5981233538319914,MP
Adaptive-SPARSE,10000,4,18.0,15.0,1.2,0.2063486889996966,0.2072524850000263,20,0.6937572067920809,0.6339614388783773,0.8020906770414775,10000,True,correlated_bursts,107,1.0,correlated_bursts_10000_107_mp.csv,38.0,10000.0,204224.0,101893.0,0.0212236679990382,0.0031716959992991,0.0055771329984963,0.1686293010020563,18.0,waves,18.0,"0.63396144,0.82444900,0.67539349,0.64122489",0.5512413714520057,MP
Adaptive-SPARSE,10000,4,18.0,15.0,1.2,0.2103678150001542,0.2111317870003404,19,0.707127747186908,0.6564021227165505,0.775470212432985,10000,True,correlated_bursts,108,1.0,correlated_bursts_10000_108_mp.csv,37.0,10000.0,204182.0,105525.0,0.021541664999404,0.0032763079998403,0.0054426140009127,0.1723599520014431,18.0,waves,18.0,"0.66523299,0.65640212,0.72196326,0.78491262",0.5323276856658475,MP
Adaptive-SPARSE,10000,4,16.0,14.0,1.1428571428571428,0.183416095001121,0.1844703060000938,17,0.8171860109540323,0.7459153064668178,0.8683194175486266,10000,True,correlated_bursts,109,1.0,correlated_bursts_10000_109_mp.csv,33.0,10000.0,179231.0,93159.0,0.0192172119986935,0.002830870998423,0.0049889709998751,0.1490954559999409,16.0,waves,16.0,"0.85690093,0.74591531,0.79559336,0.87033445",0.5408971685465904,MP
Adaptive-SPARSE,100000,4,18.0,15.0,1.2,1.1766059060005318,1.1736425399999462,30,0.7240322520632546,0.6314644784696897,0.8108466886564647,100000,True,correlated_bursts,100,1.0,correlated_bursts_100000_100_mp.csv,48.0,100000.0,2227695.0,1143310.0,0.2055148009994809,0.0224258420016667,0.0164416120005626,0.8664778039997145,18.0,waves,18.0,"0.82523523,0.71011766,0.63146448,0.72931164",0.5268565822714932,MP
Adaptive-SPARSE,100000,4,18.0,14.0,1.2857142857142858,1.1258244099999504,1.1279204580000624,27,0.735082591325431,0.6807762428696067,0.7725583812924159,100000,True,correlated_bursts,101,1.0,correlated_bursts_100000_101_mp.csv,45.0,100000.0,2069338.0,1077825.0,0.1918945950001216,0.0206410329988102,0.0154464429983818,0.8361738980015616,18.0,waves,18.0,"0.74438681,0.77752984,0.68077624,0.73763748",0.5403039604603797,MP
Adaptive-SPARSE,100000,4,19.0,14.0,1.3571428571428572,1.1621574960004182,1.1610322909996285,26,0.6820860380061049,0.6390976835085216,0.7238825233978012,100000,True,correlated_bursts,102,1.0,correlated_bursts_100000_102_mp.csv,45.0,100000.0,2014143.0,1111940.0,0.1914786850002201,0.0209020579995922,0.0157437389998449,0.8702934799998729,19.0,waves,19.0,"0.72797222,0.66056666,0.70070759,0.63909768",0.5445339334816524,MP
Adaptive-SPARSE,100000,4,17.0,14.0,1.2142857142857142,1.001879276001091,1.0012884110001323,24,0.7463578158124988,0.6913020830715871,0.7793400989645486,100000,True,correlated_bursts,103,1.0,correlated_bursts_100000_103_mp.csv,41.0,100000.0,1830892.0,1016988.0,0.1720613450011114,0.0191397470011907,0.0139646520001406,0.7380350579996957,17.0,waves,17.0,"0.78125565,0.69130208,0.74438823,0.76848530",0.5440123074055296,MP
Adaptive-SPARSE,100000,4,18.0,15.0,1.2,1.069551563999994,1.0727613799999745,26,0.7245953990182612,0.66072888385393,0.8014776745685737,100000,True,correlated_bursts,104,1.0,correlated_bursts_100000_104_mp.csv,44.0,100000.0,1964037.0,1049590.0,0.1829053239989662,0.0200934330023301,0.0156645639995076,0.7900118290003775,18.0,waves,18.0,"0.66072888,0.80772559,0.76607280,0.66385432",0.5341224100269537,MP
Adaptive-SPARSE,100000,4,20.0,14.0,1.4285714285714286,1.0805193449996295,1.0827628379997805,25,0.6539282756003935,0.6222371776361465,0.689552393283995,100000,True,correlated_bursts,105,1.0,correlated_bursts_100000_105_mp.csv,45.0,100000.0,2040673.0,1098058.0,0.1875086119985098,0.0200912440004685,0.0148406450011862,0.8004591349999828,20.0,waves,20.0,"0.65197907,0.62223718,0.64531388,0.69618298",0.5532653841929914,MP
Adaptive-SPARSE,100000,4,17.0,15.0,1.1333333333333333,1.0517752770010704,1.055211680999946,23,0.7830294520286369,0.7181893135445259,0.8352041563587236,100000,True,correlated_bursts,106,1.0,correlated_bursts_100000_106_mp.csv,40.0,100000.0,1900014.0,1035665.0,0.1814627210001163,0.0193674459997055,0.0161901299998135,0.7690331549997609,17.0,waves,17.0,"0.71818931,0.76732826,0.84030589,0.80629434",0.5950097423262528,MP
Adaptive-SPARSE,100000,4,18.0,15.0,1.2,1.1007849889988393,1.1033326530000522,24,0.6941074207027201,0.6349877992386288,0.8060361611783283,100000,True,correlated_bursts,107,1.0,correlated_bursts_100000_107_mp.csv,42.0,100000.0,2006362.0,1091478.0,0.190219226001318,0.0202474550010265,0.0148069930000929,0.8152052130008087,18.0,waves,18.0,"0.63498780,0.82986188,0.67102377,0.64055624",0.5533337381268806,MP
Adaptive-SPARSE,100000,4,19.0,15.0,1.2666666666666666,1.2128490790018986,1.2142031770003996,28,0.6699097923638319,0.6218227876712565,0.7360623754686305,100000,True,correlated_bursts,108,1.0,correlated_bursts_100000_108_mp.csv,47.0,100000.0,2253076.0,1182629.0,0.1993463059993701,0.0218172200020489,0.0162290680004844,0.9146292370014636,19.0,waves,19.0,"0.62252511,0.62182279,0.69133601,0.74395526",0.5339202363834145,MP
Adaptive-SPARSE,100000,4,17.0,15.0,1.1333333333333333,1.035980558997835,1.037646739000138,24,0.7678608770414428,0.6960465891864253,0.8203553733978458,100000,True,correlated_bursts,109,1.0,correlated_bursts_100000_109_mp.csv,41.0,100000.0,1889250.0,1044132.0,0.1760039060000053,0.0193225269995309,0.0142106659986893,0.7686589659983838,17.0,waves,17.0,"0.80008803,0.69604659,0.75137692,0.82393196",0.5403041367157089,MP
Adaptive-SPARSE,1000000,4,18.0,15.0,1.2,13.909045936000211,13.86168759899988,33,0.7239362253217995,0.6292734204602329,0.8099392804951236,1000000,True,correlated_bursts,100,1.0,correlated_bursts_1000000_100_mp.csv,51.0,1000000.0,22371478.0,12638940.0,4.767523928999935,0.4543158509995919,0.2554428670002835,7.3693309550003505,18.0,waves,18.0,"0.82385886,0.71155096,0.62927342,0.73106166",0.5264796122324952,MP
Adaptive-SPARSE,1000000,4,17.0,15.0,1.1333333333333333,8.68122063899932,8.744252891000087,32,0.7785473673712786,0.7216200482718477,0.8194155297867726,1000000,True,correlated_bursts,101,1.0,correlated_bursts_1000000_101_mp.csv,49.0,1000000.0,21307449.0,12027602.0,2.1212466329991457,0.2073952550003923,0.0748385550007242,5.635631077000426,17.0,waves,17.0,"0.78788706,0.82497938,0.72162005,0.77970298",0.541375351047935,MP
Adaptive-SPARSE,1000000,4,19.0,14.0,1.3571428571428572,9.382703157000378,9.48543556200002,34,0.6823363101250561,0.639954756345155,0.7242345292425654,1000000,True,correlated_bursts,102,1.0,correlated_bursts_1000000_102_mp.csv,53.0,1000000.0,22324917.0,12849586.0,2.1960663190006926,0.2276449289988704,0.0775427869998566,6.29314444099964,19.0,waves,19.0,"0.72800950,0.65853798,0.70284300,0.63995476",0.5440773611181351,MP
Adaptive-SPARSE,1000000,4,17.0,14.0,1.2142857142857142,8.983986668999478,9.099166191999984,33,0.746457202060129,0.693701426836874,0.7766263851872004,1000000,True,correlated_bursts,103,1.0,correlated_bursts_1000000_103_mp.csv,50.0,1000000.0,20952970.0,11818140.0,2.0754175100025805,0.2171291159997963,0.0995913109995854,5.991426025000919,17.0,waves,17.0,"0.77798039,0.69370143,0.74519332,0.76895367",0.5419837209024435,MP
Adaptive-SPARSE,1000000,4,18.0,15.0,1.2,8.997977869000806,9.162598214999887,33,0.7249440784610831,0.6590872554205789,0.8039003480505639,1000000,True,correlated_bursts,104,1.0,correlated_bursts_1000000_104_mp.csv,51.0,1000000.0,21075520.0,12127245.0,2.167673450999473,0.2150535910004691,0.0748724669999774,5.951674543999616,18.0,waves,18.0,"0.65908726,0.81048456,0.76658979,0.66361471",0.5348077020297903,MP
Adaptive-SPARSE,1000000,4,19.0,14.0,1.3571428571428572,9.76284671100052,9.872059386000046,35,0.6875983758072666,0.6530899435995838,0.724241670388115,1000000,True,correlated_bursts,105,1.0,correlated_bursts_1000000_105_mp.csv,54.0,1000000.0,22437806.0,13002581.0,2.24120385899937,0.2369278829996801,0.099311849999367,6.606289645000061,19.0,waves,19.0,"0.68840404,0.65308994,0.67833356,0.73056596",0.5526700039668114,MP
Adaptive-SPARSE,1000000,4,18.0,15.0,1.2,8.524681344999863,8.634536228999877,33,0.7398208519229801,0.6786760681529266,0.7851561609516391,1000000,True,correlated_bursts,106,1.0,correlated_bursts_1000000_106_mp.csv,51.0,1000000.0,21486509.0,11905325.0,2.1080350939996606,0.197587882999187,0.076255017999756,5.569941388999951,18.0,waves,18.0,"0.67867607,0.72682551,0.78869841,0.76508342",0.5946936255303259,MP
Adaptive-SPARSE,1000000,4,18.0,15.0,1.2,8.199479971000073,8.377785454000104,30,0.6939343907496742,0.6349929486260943,0.8054343914101706,1000000,True,correlated_bursts,107,1.0,correlated_bursts_1000000_107_mp.csv,48.0,1000000.0,20840009.0,11662190.0,2.054270567000003,0.1998986099997637,0.0699998050001795,5.301728551000224,18.0,waves,18.0,"0.63499295,0.82933463,0.66999969,0.64141029",0.5542957108323001,MP
Adaptive-SPARSE,1000000,4,19.0,15.0,1.2666666666666666,9.571882920000462,9.67944026400005,36,0.6700896768638294,0.6206151866058969,0.7365904375690274,1000000,True,correlated_bursts,108,1.0,correlated_bursts_1000000_108_mp.csv,55.0,1000000.0,25078482.0,13278186.0,2.3145177720004995,0.2095118510010252,0.0832195529999353,6.378882838999971,19.0,waves,19.0,"0.62061519,0.62216267,0.69336184,0.74421901",0.5332181646081018,MP
Adaptive-SPARSE,1000000,4,17.0,15.0,1.1333333333333333,9.849395033000746,9.950865859000032,35,0.7677028436432539,0.6940031547199979,0.8204784068690155,1000000,True,correlated_bursts,109,1.0,correlated_bursts_1000000_109_mp.csv,52.0,1000000.0,21734372.0,13151213.0,2.2339701330001844,0.2175142040005084,0.0816695549995074,6.683911295999906,17.0,waves,17.0,"0.79885612,0.69400315,0.75365799,0.82429410",0.5392267906085864,MP
Adaptive-SPARSE,100000,4,15.0,15.0,1.0,0.019787077000273694,0.0015091340001163,15,,,,100000,True,iid,100,1.0,iid_100000_100_baseline.csv,,,,,,,,,,,,,0.0009068855121570074,FIFO-Windowed
Adaptive-SPARSE,100000,4,15.0,15.0,1.0,0.01963346900038229,0.0017429500003345,15,,,,100000,True,iid,101,1.0,iid_100000_101_baseline.csv,,,,,,,,,,,,,0.0005165457277375718,FIFO-Windowed
Adaptive-SPARSE,100000,4,14.0,14.0,1.0,0.019417829999838414,0.0015199599997686,14,,,,100000,True,iid,102,1.0,iid_100000_102_baseline.csv,,,,,,,,,,,,,0.0006446107472961038,FIFO-Windowed
Adaptive-SPARSE,100000,4,14.0,14.0,1.0,0.019735839000077228,0.0015767830000186,14,,,,100000,True,iid,103,1.0,iid_100000_103_baseline.csv,,,,,,,,,,,,,-0.0009935044388198477,FIFO-Windowed
Adaptive-SPARSE,100000,4,15.0,15.0,1.0,0.020074522000413677,0.001611265000065,15,,,,100000,True,iid,104,1.0,iid_100000_104_baseline.csv,,,,,,,,,,,,,-0.0008208664506371144,FIFO-Windowed
Adaptive-SPARSE,100000,4,14.0,14.0,1.0,0.019521313000495786,0.0016841630003909,14,,,,100000,True,iid,105,1.0,iid_100000_105_baseline.csv,,,,,,,,,,,,,0.004107071082743552,FIFO-Windowed
Adaptive-SPARSE,100000,4,15.0,15.0,1.0,0.019473782000204574,0.0017593739999028,15,,,,100000,True,iid,106,1.0,iid_100000_106_baseline.csv,,,,,,,,,,,,,-5.929982256852595e-05,FIFO-Windowed
Adaptive-SPARSE,100000,4,15.0,15.0,1.0,0.01934773599987233,0.001603803999842,15,,,,100000,True,iid,107,1.0,iid_100000_107_baseline.csv,,,,,,,,,,,,,-0.0018755795707399159,FIFO-Windowed
Adaptive-SPARSE,100000,4,15.0,15.0,1.0,0.019649421999929455,0.0017902499998854,15,,,,100000,True,iid,108,1.0,iid_100000_108_baseline.csv,,,,,,,,,,,,,-0.00046415948004785434,FIFO-Windowed
Adaptive-SPARSE,100000,4,15.0,15.0,1.0,0.01999867000040463,0.0017863040002339,15,,,,100000,True,iid,109,1.0,iid_100000_109_baseline.csv,,,,,,,,,,,,,0.003500926617864164,FIFO-Windowed
Adaptive-SPARSE,100000,4,14.0,14.0,1.0,0.017758483000307013,0.0014779470002395,14,,,,100000,True,complementary,100,1.0,complementary_100000_100_baseline.csv,,,,,,,,,,,,,-0.0005986374525887572,FIFO-Windowed
Adaptive-SPARSE,100000,4,14.0,14.0,1.0,0.017278393000196915,0.0014321290000225,14,,,,100000,True,complementary,101,1.0,complementary_100000_101_baseline.csv,,,,,,,,,,,,,0.001253270627796177,FIFO-Windowed
Adaptive-SPARSE,100000,4,15.0,15.0,1.0,0.0174417750004067,0.0015310660000977,15,,,,100000,True,complementary,102,1.0,complementary_100000_102_baseline.csv,,,,,,,,,,,,,0.0026383707141715007,FIFO-Windowed
Adaptive-SPARSE,100000,4,14.0,13.0,1.0769230769230769,0.017528674000004622,0.0016910230001485,14,,,,100000,True,complementary,103,1.0,complementary_100000_103_baseline.csv,,,,,,,,,,,,,0.0014127556332653723,FIFO-Windowed
Adaptive-SPARSE,100000,4,14.0,14.0,1.0,0.01754897400041948,0.0016570430002502,14,,,,100000,True,complementary,104,1.0,complementary_100000_104_baseline.csv,,,,,,,,,,,,,0.0003721241487311122,FIFO-Windowed
Adaptive-SPARSE,100000,4,14.0,14.0,1.0,0.017622693000248473,0.0015851660000407,14,,,,100000,True,complementary,105,1.0,complementary_100000_105_baseline.csv,,,,,,,,,,,,,-0.0008875603989584313,FIFO-Windowed
Adaptive-SPARSE,100000,4,15.0,15.0,1.0,0.019486840999888927,0.0019458699998722,15,,,,100000,True,complementary,106,1.0,complementary_100000_106_baseline.csv,,,,,,,,,,,,,0.0014160217439077583,FIFO-Windowed
Adaptive-SPARSE,100000,4,14.0,14.0,1.0,0.017594592000023054,0.001661389000219,14,,,,100000,True,complementary,107,1.0,complementary_100000_107_baseline.csv,,,,,,,,,,,,,-0.0007913820509701797,FIFO-Windowed
Adaptive-SPARSE,100000,4,14.0,14.0,1.0,0.01753515299969867,0.0016373029998248,14,,,,100000,True,complementary,108,1.0,complementary_100000_108_baseline.csv,,,,,,,,,,,,,0.0002337193074605226,FIFO-Windowed
Adaptive-SPARSE,100000,4,14.0,14.0,1.0,0.017487922999862328,0.0017083679999814,14,,,,100000,True,complementary,109,1.0,complementary_100000_109_baseline.csv,,,,,,,,,,,,,0.0006367399669373053,FIFO-Windowed
