pattern,seed,method,optimal_waves,waves,ratio,exact,scheduler_time_s,wall_s,valid
correlated_bursts,200,MP,3,3.0,1.0,1,0.0013458319999699,0.001945249000073,True
correlated_bursts,200,OMP,3,3.0,1.0,1,0.0014305479999165,0.0018347049999647,True
correlated_bursts,200,OLS,3,3.0,1.0,1,0.0038883550000718,0.0042734950002341,True
correlated_bursts,200,FISTA,3,3.0,1.0,1,0.0039070930001798,0.0043012260002797,True
correlated_bursts,200,IRLS,3,3.0,1.0,1,0.0021089810002195,0.0025136409999504,True
correlated_bursts,200,FIFO-Windowed,3,3.0,1.0,1,0.0002251349997095,0.0005768030000581,True
correlated_bursts,200,Kahn-FIFO,3,3.0,1.0,1,0.0002083780004795,0.0005265690001579,True
correlated_bursts,201,MP,3,4.0,1.3333333333333333,0,0.0013270849995024,0.0017990330002248,True
correlated_bursts,201,OMP,3,4.0,1.3333333333333333,0,0.0015507339994655,0.0020449460002964,True
correlated_bursts,201,OLS,3,4.0,1.3333333333333333,0,0.0039896129997032,0.0044417340000109,True
correlated_bursts,201,FISTA,3,4.0,1.3333333333333333,0,0.0040297129999089,0.0044651489997704,True
correlated_bursts,201,IRLS,3,4.0,1.3333333333333333,0,0.0022621340003752,0.0026973220001309,True
correlated_bursts,201,FIFO-Windowed,3,3.0,1.0,1,0.0002070369996545,0.0005387969999901,True
correlated_bursts,201,Kahn-FIFO,3,3.0,1.0,1,0.0002014789997701,0.0005139909999343,True
correlated_bursts,202,MP,3,4.0,1.3333333333333333,0,0.0013127019997227,0.0017873150000013,True
correlated_bursts,202,OMP,3,4.0,1.3333333333333333,0,0.0019423349999669,0.002400161999958,True
correlated_bursts,202,OLS,3,4.0,1.3333333333333333,0,0.0041273070000897,0.0045725479999418,True
correlated_bursts,202,FISTA,3,4.0,1.3333333333333333,0,0.0049350830008734,0.0054149939996932,True
correlated_bursts,202,IRLS,3,4.0,1.3333333333333333,0,0.0025496230000499,0.0029850579999219,True
correlated_bursts,202,FIFO-Windowed,3,3.0,1.0,1,0.000192075000541,0.0005184980000194,True
correlated_bursts,202,Kahn-FIFO,3,3.0,1.0,1,0.0001895000000331,0.0005702240000573,True
correlated_bursts,203,MP,3,3.0,1.0,1,0.0010974449996865,0.0015702939999755,True
correlated_bursts,203,OMP,3,3.0,1.0,1,0.0011406700000407,0.0015127189999475,True
correlated_bursts,203,OLS,3,3.0,1.0,1,0.0032286089999615,0.0036021709997839,True
correlated_bursts,203,FISTA,3,3.0,1.0,1,0.0029261620002216,0.0033375090001754,True
correlated_bursts,203,IRLS,3,3.0,1.0,1,0.0015329879997807,0.0018849299999601,True
correlated_bursts,203,FIFO-Windowed,3,4.0,1.3333333333333333,0,0.0003398250000827,0.0007340870001826,True
correlated_bursts,203,Kahn-FIFO,3,4.0,1.3333333333333333,0,0.0002739560000009,0.0006358509999699,True
correlated_bursts,204,MP,3,3.0,1.0,1,0.0010325579996788,0.0014432360003411,True
correlated_bursts,204,OMP,3,3.0,1.0,1,0.0011927450004804,0.0015998580001905,True
correlated_bursts,204,OLS,3,3.0,1.0,1,0.0035719880002034,0.0039991889998418,True
correlated_bursts,204,FISTA,3,3.0,1.0,1,0.0038268519992925,0.0042143370001213,True
correlated_bursts,204,IRLS,3,3.0,1.0,1,0.001825861999805,0.0022345970000969,True
correlated_bursts,204,FIFO-Windowed,3,3.0,1.0,1,0.0002109220004058,0.0005402499996307,True
correlated_bursts,204,Kahn-FIFO,3,3.0,1.0,1,0.0002044020002358,0.000516725000125,True
correlated_bursts,205,MP,2,3.0,1.5,0,0.0009858470002654,0.0014495259997602,True
correlated_bursts,205,OMP,2,3.0,1.5,0,0.0011678470000333,0.001546868999867,True
correlated_bursts,205,OLS,2,3.0,1.5,0,0.0031003569997665,0.0034773370002767,True
correlated_bursts,205,FISTA,2,3.0,1.5,0,0.0039178570000331,0.0043010549998143,True
correlated_bursts,205,IRLS,2,3.0,1.5,0,0.0015966539999681,0.0019552140001906,True
correlated_bursts,205,FIFO-Windowed,2,3.0,1.5,0,0.0002441009992253,0.0006421809998755,True
correlated_bursts,205,Kahn-FIFO,2,3.0,1.5,0,0.0002593020008134,0.0005911150001338,True
correlated_bursts,206,MP,2,2.0,1.0,1,0.0007558380002592,0.0011080099998252,True
correlated_bursts,206,OMP,2,2.0,1.0,1,0.0008970980006779,0.0012167410000074,True
correlated_bursts,206,OLS,2,2.0,1.0,1,0.0026041829996756,0.0029120300000613,True
correlated_bursts,206,FISTA,2,2.0,1.0,1,0.0025424640002711,0.0028449310002542,True
correlated_bursts,206,IRLS,2,2.0,1.0,1,0.0008526920000804,0.0011444339997979,True
correlated_bursts,206,FIFO-Windowed,2,3.0,1.5,0,0.00020496299976,0.0005291029997351,True
correlated_bursts,206,Kahn-FIFO,2,3.0,1.5,0,0.0002105830008076,0.0005911049997848,True
correlated_bursts,207,MP,2,2.0,1.0,1,0.000772173000314,0.0011390959998607,True
correlated_bursts,207,OMP,2,2.0,1.0,1,0.0008648790003462,0.0011733169999388,True
correlated_bursts,207,OLS,2,2.0,1.0,1,0.0024119290001181,0.0027165110000169,True
correlated_bursts,207,FISTA,2,2.0,1.0,1,0.0024809319993437,0.0027792830001089,True
correlated_bursts,207,IRLS,2,2.0,1.0,1,0.0012683879999713,0.0015674500000386,True
correlated_bursts,207,FIFO-Windowed,2,3.0,1.5,0,0.0001788649997251,0.0005026940002608,True
correlated_bursts,207,Kahn-FIFO,2,3.0,1.5,0,0.0001769529994817,0.0004827849998036,True
correlated_bursts,208,MP,3,3.0,1.0,1,0.0010114470001099,0.0014164260001052,True
correlated_bursts,208,OMP,3,3.0,1.0,1,0.0011919249996026,0.0016013399999792,True
correlated_bursts,208,OLS,3,3.0,1.0,1,0.0031286900002669,0.0035496030000103,True
correlated_bursts,208,FISTA,3,3.0,1.0,1,0.0039214339999489,0.0043116820002069,True
correlated_bursts,208,IRLS,3,3.0,1.0,1,0.0019546629996511,0.0023394619997816,True
correlated_bursts,208,FIFO-Windowed,3,3.0,1.0,1,0.0002308630000698,0.0005534690003514,True
correlated_bursts,208,Kahn-FIFO,3,3.0,1.0,1,0.0002282569994349,0.0005405000001701,True
correlated_bursts,209,MP,2,2.0,1.0,1,0.0007260730003508,0.0010869279999496,True
correlated_bursts,209,OMP,2,2.0,1.0,1,0.0008349169997927,0.001136432000294,True
correlated_bursts,209,OLS,2,2.0,1.0,1,0.0025671590001365,0.0028787300002477,True
correlated_bursts,209,FISTA,2,2.0,1.0,1,0.0025759119998838,0.0028874029999315,True
correlated_bursts,209,IRLS,2,2.0,1.0,1,0.0012385129998619,0.0015317570000661,True
correlated_bursts,209,FIFO-Windowed,2,3.0,1.5,0,0.0001981359996534,0.0005302849999679,True
correlated_bursts,209,Kahn-FIFO,2,3.0,1.5,0,0.0001920349995998,0.000502654000229,True
correlated_bursts,210,MP,3,3.0,1.0,1,0.0010712370003602,0.0014869300002828,True
correlated_bursts,210,OMP,3,3.0,1.0,1,0.0011535170001479,0.0015261280000231,True
correlated_bursts,210,OLS,3,3.0,1.0,1,0.0030425730001297,0.0034503469996707,True
correlated_bursts,210,FISTA,3,3.0,1.0,1,0.0029889240004195,0.0033585199998924,True
correlated_bursts,210,IRLS,3,3.0,1.0,1,0.0015792269996381,0.0019334720000188,True
correlated_bursts,210,FIFO-Windowed,3,3.0,1.0,1,0.0002175630006604,0.0005600489998869,True
correlated_bursts,210,Kahn-FIFO,3,3.0,1.0,1,0.0002191859998674,0.0006246839998311,True
correlated_bursts,211,MP,3,4.0,1.3333333333333333,0,0.0012991730000067,0.0017730849999679,True
correlated_bursts,211,OMP,3,4.0,1.3333333333333333,0,0.0014946209998925,0.0019174479998582,True
correlated_bursts,211,OLS,3,4.0,1.3333333333333333,0,0.0041141699989566,0.0046239040002546,True
correlated_bursts,211,FISTA,3,4.0,1.3333333333333333,0,0.0041563530007806,0.0046300330000121,True
correlated_bursts,211,IRLS,3,4.0,1.3333333333333333,0,0.0020629229998121,0.0024870110000847,True
correlated_bursts,211,FIFO-Windowed,3,4.0,1.3333333333333333,0,0.0002719009989959,0.0006859949999125,True
correlated_bursts,211,Kahn-FIFO,3,4.0,1.3333333333333333,0,0.000219775000005,0.0005957509997642,True
correlated_bursts,212,MP,3,3.0,1.0,1,0.0010321969994038,0.001439811000182,True
correlated_bursts,212,OMP,3,3.0,1.0,1,0.0011285919999863,0.001498838000316,True
correlated_bursts,212,OLS,3,3.0,1.0,1,0.0031626729996787,0.0035369249999348,True
correlated_bursts,212,FISTA,3,3.0,1.0,1,0.0037319819998629,0.0041015599999809,True
correlated_bursts,212,IRLS,3,3.0,1.0,1,0.001828395999837,0.0022266750002017,True
correlated_bursts,212,FIFO-Windowed,3,3.0,1.0,1,0.0001929259992721,0.0005199689999244,True
correlated_bursts,212,Kahn-FIFO,3,3.0,1.0,1,0.0001838339994719,0.0004944109996358,True
correlated_bursts,213,MP,3,3.0,1.0,1,0.000998375999643,0.0014132219998828,True
correlated_bursts,213,OMP,3,3.0,1.0,1,0.0011398560004636,0.0015071010002429,True
correlated_bursts,213,OLS,3,3.0,1.0,1,0.0028835870002694,0.0032586229999651,True
correlated_bursts,213,FISTA,3,3.0,1.0,1,0.0027207670000279,0.0031554510001114,True
correlated_bursts,213,IRLS,3,3.0,1.0,1,0.0015458959996976,0.0019149339996147,True
correlated_bursts,213,FIFO-Windowed,3,3.0,1.0,1,0.0002016389994423,0.0005300139996506,True
correlated_bursts,213,Kahn-FIFO,3,3.0,1.0,1,0.0001902309995784,0.0004973559998688,True
correlated_bursts,214,MP,2,3.0,1.5,0,0.0010341910001443,0.0014894639998601,True
correlated_bursts,214,OMP,2,3.0,1.5,0,0.0012474970008042,0.0016238939997492,True
correlated_bursts,214,OLS,2,3.0,1.5,0,0.0034699349998845,0.0038464929998554,True
correlated_bursts,214,FISTA,2,3.0,1.5,0,0.0037974699998812,0.0042131260001951,True
correlated_bursts,214,IRLS,2,3.0,1.5,0,0.0019712479993359,0.002339552000194,True
correlated_bursts,214,FIFO-Windowed,2,3.0,1.5,0,0.0002541750004638,0.0005967130000499,True
correlated_bursts,214,Kahn-FIFO,2,3.0,1.5,0,0.0002206249996561,0.000525958000253,True
correlated_bursts,215,MP,3,3.0,1.0,1,0.0011269400001765,0.0015778360002514,True
correlated_bursts,215,OMP,3,3.0,1.0,1,0.0011520849993758,0.0015180870000222,True
correlated_bursts,215,OLS,3,3.0,1.0,1,0.0030502129998239,0.0034582880002744,True
correlated_bursts,215,FISTA,3,3.0,1.0,1,0.0037837499994566,0.0041580540000722,True
correlated_bursts,215,IRLS,3,3.0,1.0,1,0.0018448709997755,0.0022096400002737,True
correlated_bursts,215,FIFO-Windowed,3,4.0,1.3333333333333333,0,0.0002563799994277,0.0006358209998325,True
correlated_bursts,215,Kahn-FIFO,3,4.0,1.3333333333333333,0,0.0002717420002227,0.0006439929998123,True
correlated_bursts,216,MP,3,3.0,1.0,1,0.0009724910005388,0.001383578000059,True
correlated_bursts,216,OMP,3,3.0,1.0,1,0.0011829099998976,0.0015573040000163,True
correlated_bursts,216,OLS,3,3.0,1.0,1,0.0027277869994577,0.0031755099998918,True
correlated_bursts,216,FISTA,3,3.0,1.0,1,0.002729889999955,0.0030968339997343,True
correlated_bursts,216,IRLS,3,3.0,1.0,1,0.0015867290007918,0.0020025540002279,True
correlated_bursts,216,FIFO-Windowed,3,3.0,1.0,1,0.0002054930000667,0.0005321270000422,True
correlated_bursts,216,Kahn-FIFO,3,3.0,1.0,1,0.0001968420001503,0.00049953000007,True
correlated_bursts,217,MP,3,3.0,1.0,1,0.0009880329994302,0.0013973579998491,True
correlated_bursts,217,OMP,3,3.0,1.0,1,0.0011792140003308,0.0015709449999121,True
correlated_bursts,217,OLS,3,3.0,1.0,1,0.0030282819998319,0.0034036679999189,True
correlated_bursts,217,FISTA,3,3.0,1.0,1,0.0037151489996176,0.0041073190000133,True
correlated_bursts,217,IRLS,3,3.0,1.0,1,0.0018615070002852,0.0022260539999479,True
correlated_bursts,217,FIFO-Windowed,3,4.0,1.3333333333333333,0,0.0002352989999963,0.0006092819999139,True
correlated_bursts,217,Kahn-FIFO,3,4.0,1.3333333333333333,0,0.0002305110001543,0.000581690999752,True
correlated_bursts,218,MP,3,3.0,1.0,1,0.0010196789994552,0.0014503770003102,True
correlated_bursts,218,OMP,3,3.0,1.0,1,0.0010789680000016,0.0014435269999921,True
correlated_bursts,218,OLS,3,3.0,1.0,1,0.0028736430003846,0.003244371999699,True
correlated_bursts,218,FISTA,3,3.0,1.0,1,0.0036156109995317,0.0039939210000738,True
correlated_bursts,218,IRLS,3,3.0,1.0,1,0.0016246230011347,0.0019896549997611,True
correlated_bursts,218,FIFO-Windowed,3,3.0,1.0,1,0.0002383140003985,0.0006375339999067,True
correlated_bursts,218,Kahn-FIFO,3,3.0,1.0,1,0.0002042929991148,0.0005190980000406,True
correlated_bursts,219,MP,2,3.0,1.5,0,0.0010635240000738,0.0014692650001961,True
correlated_bursts,219,OMP,2,3.0,1.5,0,0.0012225689997649,0.0016008989996407,True
correlated_bursts,219,OLS,2,3.0,1.5,0,0.0035232850000284,0.0038965269995969,True
correlated_bursts,219,FISTA,2,3.0,1.5,0,0.0037661650007976,0.0041342290001011,True
correlated_bursts,219,IRLS,2,3.0,1.5,0,0.0019159650000801,0.0022779120004088,True
correlated_bursts,219,FIFO-Windowed,2,3.0,1.5,0,0.0001973800003725,0.0005250170002,True
correlated_bursts,219,Kahn-FIFO,2,3.0,1.5,0,0.0001910230002977,0.0004986180001651,True
correlated_bursts,220,MP,3,3.0,1.0,1,0.0010562349993961,0.0014780480000808,True
correlated_bursts,220,OMP,3,3.0,1.0,1,0.0012201959998492,0.0015953709998939,True
correlated_bursts,220,OLS,3,3.0,1.0,1,0.0034267520004505,0.0038637190000372,True
correlated_bursts,220,FISTA,3,3.0,1.0,1,0.003765072999613,0.0041395170001123,True
correlated_bursts,220,IRLS,3,3.0,1.0,1,0.001831129999573,0.002202109999871,True
correlated_bursts,220,FIFO-Windowed,3,4.0,1.3333333333333333,0,0.0002645430004122,0.0006500429999505,True
correlated_bursts,220,Kahn-FIFO,3,4.0,1.3333333333333333,0,0.0002558380006121,0.0006172240000523,True
correlated_bursts,221,MP,3,3.0,1.0,1,0.0010324080008103,0.0014576069997929,True
correlated_bursts,221,OMP,3,3.0,1.0,1,0.0011233310005991,0.0014858389999972,True
correlated_bursts,221,OLS,3,3.0,1.0,1,0.0031104749996302,0.0034798800002135,True
correlated_bursts,221,FISTA,3,3.0,1.0,1,0.003595110999413,0.0039798099996914,True
correlated_bursts,221,IRLS,3,3.0,1.0,1,0.001727345999825,0.0020852769998782,True
correlated_bursts,221,FIFO-Windowed,3,3.0,1.0,1,0.0002201950001108,0.0005409109999163,True
correlated_bursts,221,Kahn-FIFO,3,3.0,1.0,1,0.0002167310003642,0.0005216119998294,True
correlated_bursts,222,MP,3,3.0,1.0,1,0.0010514259997762,0.0015141809999477,True
correlated_bursts,222,OMP,3,3.0,1.0,1,0.001164594000329,0.0015273600001819,True
correlated_bursts,222,OLS,3,3.0,1.0,1,0.0031888400003481,0.0035665680002239,True
correlated_bursts,222,FISTA,3,3.0,1.0,1,0.0037574599996332,0.0041338179999002,True
correlated_bursts,222,IRLS,3,3.0,1.0,1,0.0018408949995318,0.0022117139997135,True
correlated_bursts,222,FIFO-Windowed,3,4.0,1.3333333333333333,0,0.000236018000578,0.0006080499997551,True
correlated_bursts,222,Kahn-FIFO,3,4.0,1.3333333333333333,0,0.0002323329999853,0.0005868580001333,True
correlated_bursts,223,MP,3,3.0,1.0,1,0.0009421059999112,0.0013612140000986,True
correlated_bursts,223,OMP,3,3.0,1.0,1,0.0011880970000675,0.0015636639996046,True
correlated_bursts,223,OLS,3,3.0,1.0,1,0.0027269359998172,0.0031405479999193,True
correlated_bursts,223,FISTA,3,3.0,1.0,1,0.002891659999932,0.0032625789999656,True
correlated_bursts,223,IRLS,3,3.0,1.0,1,0.0016456160001325,0.0020125089999964,True
correlated_bursts,223,FIFO-Windowed,3,3.0,1.0,1,0.0001948090011865,0.0005198700000619,True
correlated_bursts,223,Kahn-FIFO,3,3.0,1.0,1,0.0001852150003287,0.0004958239996994,True
correlated_bursts,224,MP,3,4.0,1.3333333333333333,0,0.0013016769999012,0.0017842709999058,True
correlated_bursts,224,OMP,3,4.0,1.3333333333333333,0,0.0014174270004332,0.0018370289999438,True
correlated_bursts,224,OLS,3,4.0,1.3333333333333333,0,0.0035866389998773,0.0040254380000988,True
correlated_bursts,224,FISTA,3,4.0,1.3333333333333333,0,0.0039746519996697,0.0044091559998378,True
correlated_bursts,224,IRLS,3,4.0,1.3333333333333333,0,0.0021886899999117,0.0026245049998578,True
correlated_bursts,224,FIFO-Windowed,3,3.0,1.0,1,0.0002222280004389,0.0005456779999803,True
correlated_bursts,224,Kahn-FIFO,3,3.0,1.0,1,0.0002155979996132,0.0005350320002435,True
correlated_bursts,225,MP,3,3.0,1.0,1,0.0010452759988766,0.00145641600011,True
correlated_bursts,225,OMP,3,3.0,1.0,1,0.0011541090002538,0.0015199089998532,True
correlated_bursts,225,OLS,3,3.0,1.0,1,0.0030737889996999,0.0034411429996907,True
correlated_bursts,225,FISTA,3,3.0,1.0,1,0.0037406350002129,0.0041312039998047,True
correlated_bursts,225,IRLS,3,3.0,1.0,1,0.0023992819997147,0.002907313000378,True
correlated_bursts,225,FIFO-Windowed,3,3.0,1.0,1,0.0002348179996261,0.0005982049997328,True
correlated_bursts,225,Kahn-FIFO,3,3.0,1.0,1,0.0001982819999284,0.0005109969997647,True
correlated_bursts,226,MP,3,3.0,1.0,1,0.00111496099953,0.0015508960000261,True
correlated_bursts,226,OMP,3,3.0,1.0,1,0.0012559089996102,0.0016210089997912,True
correlated_bursts,226,OLS,3,3.0,1.0,1,0.0037208570001894,0.0041036229999917,True
correlated_bursts,226,FISTA,3,3.0,1.0,1,0.0037933639996481,0.004165785999703,True
correlated_bursts,226,IRLS,3,3.0,1.0,1,0.0018671150005502,0.0022331350000968,True
correlated_bursts,226,FIFO-Windowed,3,4.0,1.3333333333333333,0,0.0002570700003161,0.000633968999864,True
correlated_bursts,226,Kahn-FIFO,3,4.0,1.3333333333333333,0,0.0002469059991199,0.0006030730000929,True
correlated_bursts,227,MP,3,3.0,1.0,1,0.0009664590002103,0.0013790009998047,True
correlated_bursts,227,OMP,3,3.0,1.0,1,0.0010842750007213,0.0016362220003429,True
correlated_bursts,227,OLS,3,3.0,1.0,1,0.0030348409995895,0.0034507069999563,True
correlated_bursts,227,FISTA,3,3.0,1.0,1,0.0027282190008008,0.0031007390002741,True
correlated_bursts,227,IRLS,3,3.0,1.0,1,0.0016408590004175,0.0020574549998855,True
correlated_bursts,227,FIFO-Windowed,3,3.0,1.0,1,0.0002272859996992,0.0005558220000239,True
correlated_bursts,227,Kahn-FIFO,3,3.0,1.0,1,0.000225362999572,0.0005328689999259,True
correlated_bursts,228,MP,3,3.0,1.0,1,0.0010007299997596,0.0014108880000094,True
correlated_bursts,228,OMP,3,3.0,1.0,1,0.0012556589999803,0.0016494210003656,True
correlated_bursts,228,OLS,3,3.0,1.0,1,0.0031291719992623,0.0035009309999622,True
correlated_bursts,228,FISTA,3,3.0,1.0,1,0.0037526159999288,0.0041343590000906,True
correlated_bursts,228,IRLS,3,3.0,1.0,1,0.0018140860001949,0.002167707999888,True
correlated_bursts,228,FIFO-Windowed,3,3.0,1.0,1,0.0002105019993905,0.0005324379999365,True
correlated_bursts,228,Kahn-FIFO,3,3.0,1.0,1,0.0002472159990247,0.0005704239997612,True
correlated_bursts,229,MP,2,3.0,1.5,0,0.0010848570004782,0.0014995589999671,True
correlated_bursts,229,OMP,2,3.0,1.5,0,0.0011130779994346,0.001481732999764,True
correlated_bursts,229,OLS,2,3.0,1.5,0,0.0030431440004576,0.0034123010000257,True
correlated_bursts,229,FISTA,2,3.0,1.5,0,0.0028233189996171,0.0031910829998196,True
correlated_bursts,229,IRLS,2,3.0,1.5,0,0.0014907360000506,0.0018513800000619,True
correlated_bursts,229,FIFO-Windowed,2,3.0,1.5,0,0.0001978130007955,0.0005166050000298,True
correlated_bursts,229,Kahn-FIFO,2,3.0,1.5,0,0.0001900909996948,0.000494462000006,True
iid,200,MP,2,3.0,1.5,0,0.0010237859996777,0.0014727089996995,True
iid,200,OMP,2,3.0,1.5,0,0.0012264060001143,0.0015992270000424,True
iid,200,OLS,2,3.0,1.5,0,0.0032098589995257,0.0035864080000465,True
iid,200,FISTA,2,3.0,1.5,0,0.0037190059993008,0.0041062569998757,True
iid,200,IRLS,2,3.0,1.5,0,0.0017091999998228,0.00206788100013,True
iid,200,FIFO-Windowed,2,3.0,1.5,0,0.0001990429996112,0.0005245759998615,True
iid,200,Kahn-FIFO,2,3.0,1.5,0,0.0001909730003717,0.0005466689999593,True
iid,201,MP,3,4.0,1.3333333333333333,0,0.0013958640006421,0.0018768680001812,True
iid,201,OMP,3,4.0,1.3333333333333333,0,0.0014813329999014,0.0019078939999417,True
iid,201,OLS,3,4.0,1.3333333333333333,0,0.0040786260015011,0.0045140409997657,True
iid,201,FISTA,3,4.0,1.3333333333333333,0,0.0045626340001945,0.0051338789999135,True
iid,201,IRLS,3,4.0,1.3333333333333333,0,0.002246733999982,0.0026950880001095,True
iid,201,FIFO-Windowed,3,3.0,1.0,1,0.0002436519998809,0.0005762830001003,True
iid,201,Kahn-FIFO,3,3.0,1.0,1,0.0003195619997313,0.0006968109996705,True
iid,202,MP,3,3.0,1.0,1,0.0012427489996298,0.0017604559998289,True
iid,202,OMP,3,3.0,1.0,1,0.0013449680004669,0.0018584610002108,True
iid,202,OLS,3,3.0,1.0,1,0.0038466529995275,0.0043188520003241,True
iid,202,FISTA,3,3.0,1.0,1,0.0035937490001742,0.0039984879999792,True
iid,202,IRLS,3,3.0,1.0,1,0.0017613879999771,0.002118836000136,True
iid,202,FIFO-Windowed,3,3.0,1.0,1,0.0001782159993126,0.0005058279998593,True
iid,202,Kahn-FIFO,3,3.0,1.0,1,0.0001711519994387,0.0004785380001521,True
iid,203,MP,3,3.0,1.0,1,0.0013217569999142,0.0018540539999776,True
iid,203,OMP,3,3.0,1.0,1,0.0016328560000147,0.0020963530000699,True
iid,203,OLS,3,3.0,1.0,1,0.0041946980004468,0.0046179249998203,True
iid,203,FISTA,3,3.0,1.0,1,0.0038043999993533,0.0041820090000328,True
iid,203,IRLS,3,3.0,1.0,1,0.0019784270002674,0.0023954750004122,True
iid,203,FIFO-Windowed,3,3.0,1.0,1,0.0001955190000444,0.0005365039996831,True
iid,203,Kahn-FIFO,3,3.0,1.0,1,0.0001833020005506,0.0004915980002806,True
iid,204,MP,3,3.0,1.0,1,0.0012987019999854,0.0017974299998968,True
iid,204,OMP,3,3.0,1.0,1,0.0015580740000586,0.0020645760000661,True
iid,204,OLS,3,3.0,1.0,1,0.0043572899999162,0.0048012259999268,True
iid,204,FISTA,3,3.0,1.0,1,0.0037449230003403,0.0042032209998978,True
iid,204,IRLS,3,3.0,1.0,1,0.00180397099939,0.0021620200000143,True
iid,204,FIFO-Windowed,3,3.0,1.0,1,0.0002453930005685,0.0005870290001439,True
iid,204,Kahn-FIFO,3,3.0,1.0,1,0.000231151000662,0.0005598180000561,True
iid,205,MP,2,2.0,1.0,1,0.0009986360005314,0.0014453889998549,True
iid,205,OMP,2,2.0,1.0,1,0.0010712860002968,0.0014459999997598,True
iid,205,OLS,2,2.0,1.0,1,0.0035130189999108,0.0038949240001784,True
iid,205,FISTA,2,2.0,1.0,1,0.0030840160002298,0.0034157660002165,True
iid,205,IRLS,2,2.0,1.0,1,0.0013176000002204,0.0016187659998649,True
iid,205,FIFO-Windowed,2,2.0,1.0,1,0.000158575000114,0.0004253800002516,True
iid,205,Kahn-FIFO,2,2.0,1.0,1,0.0002257640003335,0.0005707949999305,True
iid,206,MP,2,3.0,1.5,0,0.0010964329994749,0.0015345709998655,True
iid,206,OMP,2,3.0,1.5,0,0.0012620370002878,0.0016289710001728,True
iid,206,OLS,2,3.0,1.5,0,0.0041035630001715,0.0045390980003503,True
iid,206,FISTA,2,3.0,1.5,0,0.0038197429998945,0.0042104419999304,True
iid,206,IRLS,2,3.0,1.5,0,0.0018594739999571,0.0022225389998311,True
iid,206,FIFO-Windowed,2,3.0,1.5,0,0.0002177620003749,0.000541941999927,True
iid,206,Kahn-FIFO,2,3.0,1.5,0,0.0002109020006173,0.0005215920000409,True
iid,207,MP,2,3.0,1.5,0,0.0013238379997346,0.001840723999976,True
iid,207,OMP,2,3.0,1.5,0,0.0013779390010313,0.0018366590002187,True
iid,207,OLS,2,3.0,1.5,0,0.0039594890008629,0.0044196610001563,True
iid,207,FISTA,2,3.0,1.5,0,0.0029687840001315,0.0033605040002839,True
iid,207,IRLS,2,3.0,1.5,0,0.0015957999999045,0.001961492999726,True
iid,207,FIFO-Windowed,2,2.0,1.0,1,0.0002026699999078,0.0004904459997305,True
iid,207,Kahn-FIFO,2,2.0,1.0,1,0.0001583839994054,0.0004193499999018,True
iid,208,MP,3,3.0,1.0,1,0.0012687379994531,0.0017747760002748,True
iid,208,OMP,3,3.0,1.0,1,0.001385360000313,0.0019002129997716,True
iid,208,OLS,3,3.0,1.0,1,0.004122211998947,0.0046056670003054,True
iid,208,FISTA,3,3.0,1.0,1,0.0037908300000708,0.0041766620001908,True
iid,208,IRLS,3,3.0,1.0,1,0.0017963880004572,0.0021567219996541,True
iid,208,FIFO-Windowed,3,3.0,1.0,1,0.0001975010000023,0.0005340399998203,True
iid,208,Kahn-FIFO,3,3.0,1.0,1,0.0001934049996634,0.0005517770000551,True
iid,209,MP,3,3.0,1.0,1,0.0013516500002879,0.0018936530000246,True
iid,209,OMP,3,3.0,1.0,1,0.0014249969999582,0.0018846990001293,True
iid,209,OLS,3,3.0,1.0,1,0.0040757540000413,0.0045452879999174,True
iid,209,FISTA,3,3.0,1.0,1,0.0033677750002425,0.0037680270002056,True
iid,209,IRLS,3,3.0,1.0,1,0.0018542840002737,0.0022263450000536,True
iid,209,FIFO-Windowed,3,3.0,1.0,1,0.0002181320001,0.0005529690001822,True
iid,209,Kahn-FIFO,3,3.0,1.0,1,0.0002045020000878,0.0005128890002197,True
iid,210,MP,3,3.0,1.0,1,0.0012513629999375,0.0017545770001561,True
iid,210,OMP,3,3.0,1.0,1,0.0015360249999503,0.0020122579999224,True
iid,210,OLS,3,3.0,1.0,1,0.0040711739998187,0.0045005710003351,True
iid,210,FISTA,3,3.0,1.0,1,0.0037955269999656,0.0041801169995778,True
iid,210,IRLS,3,3.0,1.0,1,0.0017253440000786,0.0020920569995723,True
iid,210,FIFO-Windowed,3,3.0,1.0,1,0.0002322429991181,0.0006210490000739,True
iid,210,Kahn-FIFO,3,3.0,1.0,1,0.0002098800005114,0.0005212309997659,True
iid,211,MP,3,3.0,1.0,1,0.0013388529996518,0.0019277430001238,True
iid,211,OMP,3,3.0,1.0,1,0.0014104160004535,0.001884689000235,True
iid,211,OLS,3,3.0,1.0,1,0.0038159389996508,0.0042179930001111,True
iid,211,FISTA,3,3.0,1.0,1,0.003791731999172,0.0041728559999683,True
iid,211,IRLS,3,3.0,1.0,1,0.0019891349998033,0.0023654709998481,True
iid,211,FIFO-Windowed,3,4.0,1.3333333333333333,0,0.0002184349996241,0.0006011899999975,True
iid,211,Kahn-FIFO,3,4.0,1.3333333333333333,0,0.0002131749993168,0.0005701339996448,True
iid,212,MP,2,3.0,1.5,0,0.0013687069995285,0.0018814650002241,True
iid,212,OMP,2,3.0,1.5,0,0.0016211499996643,0.0021034729998063,True
iid,212,OLS,2,3.0,1.5,0,0.0037383540002338,0.0041144799997709,True
iid,212,FISTA,2,3.0,1.5,0,0.0038384499994208,0.0042179130000477,True
iid,212,IRLS,2,3.0,1.5,0,0.001962315000128,0.0023379300000669,True
iid,212,FIFO-Windowed,2,3.0,1.5,0,0.0001911139988806,0.0005184169999665,True
iid,212,Kahn-FIFO,2,3.0,1.5,0,0.0001876480005194,0.0004946219996782,True
iid,213,MP,3,3.0,1.0,1,0.0012657750003199,0.0017711320001581,True
iid,213,OMP,3,3.0,1.0,1,0.0015242360000229,0.0019882619999407,True
iid,213,OLS,3,3.0,1.0,1,0.0039763060008226,0.004403997999816,True
iid,213,FISTA,3,3.0,1.0,1,0.0035239059993728,0.0039142140003605,True
iid,213,IRLS,3,3.0,1.0,1,0.0016944280000643,0.0020551119996525,True
iid,213,FIFO-Windowed,3,3.0,1.0,1,0.0001819890003389,0.0005473910000546,True
iid,213,Kahn-FIFO,3,3.0,1.0,1,0.0001845940005296,0.0005279810002321,True
iid,214,MP,2,3.0,1.5,0,0.0013771590001852,0.001943065999967,True
iid,214,OMP,2,3.0,1.5,0,0.0014391600002454,0.0019074130000262,True
iid,214,OLS,2,3.0,1.5,0,0.003277170000274,0.0036619299999074,True
iid,214,FISTA,2,3.0,1.5,0,0.0037287489999471,0.0041571220003788,True
iid,214,IRLS,2,3.0,1.5,0,0.00184335799986,0.0022269260002758,True
iid,214,FIFO-Windowed,2,2.0,1.0,1,0.0001588739992257,0.0004328809995968,True
iid,214,Kahn-FIFO,2,2.0,1.0,1,0.0001536980003038,0.000413381999806,True
iid,215,MP,3,3.0,1.0,1,0.001030914999319,0.0014480830000138,True
iid,215,OMP,3,3.0,1.0,1,0.0011486519993013,0.0015188780002972,True
iid,215,OLS,3,3.0,1.0,1,0.0033365869999215,0.003710270999818,True
iid,215,FISTA,3,3.0,1.0,1,0.0037873649994253,0.0041560710001249,True
iid,215,IRLS,3,3.0,1.0,1,0.0017449429997213,0.0021250049999252,True
iid,215,FIFO-Windowed,3,3.0,1.0,1,0.0002031519989031,0.0005222230001891,True
iid,215,Kahn-FIFO,3,3.0,1.0,1,0.0002007770003729,0.000508372999775,True
iid,216,MP,3,3.0,1.0,1,0.000996686000235,0.0014030770003046,True
iid,216,OMP,3,3.0,1.0,1,0.0011828400006379,0.0015705739997429,True
iid,216,OLS,3,3.0,1.0,1,0.0032072960002551,0.0035906739999518,True
iid,216,FISTA,3,3.0,1.0,1,0.0036719849999826,0.0040474899997207,True
iid,216,IRLS,3,3.0,1.0,1,0.0018237880003653,0.0022735350003131,True
iid,216,FIFO-Windowed,3,3.0,1.0,1,0.0001805579995561,0.0005086030000711,True
iid,216,Kahn-FIFO,3,3.0,1.0,1,0.0001731059987832,0.0004807109999092,True
iid,217,MP,3,3.0,1.0,1,0.001044197000283,0.0015105960001164,True
iid,217,OMP,3,3.0,1.0,1,0.0012459919994398,0.0016175939999811,True
iid,217,OLS,3,3.0,1.0,1,0.0032811360001687,0.0036553099998855,True
iid,217,FISTA,3,3.0,1.0,1,0.0037722809993283,0.0041494410002087,True
iid,217,IRLS,3,3.0,1.0,1,0.0019406029991841,0.0023114410000744,True
iid,217,FIFO-Windowed,3,4.0,1.3333333333333333,0,0.000233353999647,0.0006197369998517,True
iid,217,Kahn-FIFO,3,4.0,1.3333333333333333,0,0.0002300610003658,0.0005991670000184,True
iid,218,MP,3,3.0,1.0,1,0.0010051560007013,0.0014200209998307,True
iid,218,OMP,3,3.0,1.0,1,0.0010946289999083,0.0015117969996936,True
iid,218,OLS,3,3.0,1.0,1,0.0031551010010844,0.0035405100002208,True
iid,218,FISTA,3,3.0,1.0,1,0.003787143999034,0.0041698809995978,True
iid,218,IRLS,3,3.0,1.0,1,0.0020244870006536,0.0023925609998514,True
iid,218,FIFO-Windowed,3,3.0,1.0,1,0.0001851450006142,0.0005115769999974,True
iid,218,Kahn-FIFO,3,3.0,1.0,1,0.0001802660008252,0.0004850180002904,True
iid,219,MP,3,4.0,1.3333333333333333,0,0.0012432209991857,0.0017614670000511,True
iid,219,OMP,3,4.0,1.3333333333333333,0,0.0016148230006365,0.0021250650002002,True
iid,219,OLS,3,4.0,1.3333333333333333,0,0.0037068759997964,0.0041641329999038,True
iid,219,FISTA,3,4.0,1.3333333333333333,0,0.0041717720000633,0.0046209389997784,True
iid,219,IRLS,3,4.0,1.3333333333333333,0,0.0020833230009884,0.002516585000194,True
iid,219,FIFO-Windowed,3,3.0,1.0,1,0.0001946470006259,0.0005322179999893,True
iid,219,Kahn-FIFO,3,3.0,1.0,1,0.0001895400005196,0.0005034749997321,True
iid,220,MP,3,3.0,1.0,1,0.0010701530000005,0.0015262290003192,True
iid,220,OMP,3,3.0,1.0,1,0.0011807170003521,0.001543194000078,True
iid,220,OLS,3,3.0,1.0,1,0.0034536330003902,0.0038311600001179,True
iid,220,FISTA,3,3.0,1.0,1,0.0037870950004617,0.0041610379998928,True
iid,220,IRLS,3,3.0,1.0,1,0.0021600869990834,0.0025396989999535,True
iid,220,FIFO-Windowed,3,3.0,1.0,1,0.0002249230001325,0.0005588869998973,True
iid,220,Kahn-FIFO,3,3.0,1.0,1,0.000215990999095,0.0005265700001473,True
iid,221,MP,3,4.0,1.3333333333333333,0,0.0012445409997781,0.0017146280001725,True
iid,221,OMP,3,4.0,1.3333333333333333,0,0.0015370749993053,0.0019704660003299,True
iid,221,OLS,3,4.0,1.3333333333333333,0,0.0039143340000009,0.0043554560002121,True
iid,221,FISTA,3,4.0,1.3333333333333333,0,0.0042382820001876,0.0049350240001331,True
iid,221,IRLS,3,4.0,1.3333333333333333,0,0.0021586840002782,0.0025970229999074,True
iid,221,FIFO-Windowed,3,3.0,1.0,1,0.000191872999494,0.0005187579999983,True
iid,221,Kahn-FIFO,3,3.0,1.0,1,0.0001854639999692,0.0005000609999115,True
iid,222,MP,3,3.0,1.0,1,0.0010417220000817,0.00145654500011,True
iid,222,OMP,3,3.0,1.0,1,0.001254797999536,0.0016193070000554,True
iid,222,OLS,3,3.0,1.0,1,0.0035680490000231,0.0039423250000254,True
iid,222,FISTA,3,3.0,1.0,1,0.0038071539997872,0.0042393140001877,True
iid,222,IRLS,3,3.0,1.0,1,0.0021562410006481,0.0025320970003122,True
iid,222,FIFO-Windowed,3,3.0,1.0,1,0.0002087679995383,0.0005429940001704,True
iid,222,Kahn-FIFO,3,3.0,1.0,1,0.0002042929995695,0.0005163740001989,True
iid,223,MP,2,2.0,1.0,1,0.0007774220002829,0.001124204000007,True
iid,223,OMP,2,2.0,1.0,1,0.000896716000625,0.0012474169998313,True
iid,223,OLS,2,2.0,1.0,1,0.0025954029993044,0.0028994809999858,True
iid,223,FISTA,2,2.0,1.0,1,0.0025916460003827,0.0029006329996263,True
iid,223,IRLS,2,2.0,1.0,1,0.0012567600001602,0.0016088909997051,True
iid,223,FIFO-Windowed,2,3.0,1.5,0,0.0002141750005648,0.0005650359998981,True
iid,223,Kahn-FIFO,2,3.0,1.5,0,0.0001828800004659,0.0004956330003551,True
iid,224,MP,3,3.0,1.0,1,0.0011150799996357,0.0015319070002988,True
iid,224,OMP,3,3.0,1.0,1,0.0011784350003836,0.0015435740001521,True
iid,224,OLS,3,3.0,1.0,1,0.0032672359998286,0.0036499719999483,True
iid,224,FISTA,3,3.0,1.0,1,0.0036834810002801,0.0041027920001397,True
iid,224,IRLS,3,3.0,1.0,1,0.0018284169991602,0.0021904619998167,True
iid,224,FIFO-Windowed,3,3.0,1.0,1,0.0001794760000848,0.0005096049999337,True
iid,224,Kahn-FIFO,3,3.0,1.0,1,0.0001746480002111,0.0004931389999001,True
iid,225,MP,3,3.0,1.0,1,0.0010521760000301,0.0014614030001212,True
iid,225,OMP,3,3.0,1.0,1,0.0012486390005506,0.0016161820003617,True
iid,225,OLS,3,3.0,1.0,1,0.0030449049995695,0.0034329009999964,True
iid,225,FISTA,3,3.0,1.0,1,0.0037423010003294,0.004146277000018,True
iid,225,IRLS,3,3.0,1.0,1,0.0016876569993655,0.0020530490000965,True
iid,225,FIFO-Windowed,3,3.0,1.0,1,0.0002057639999293,0.0005316469996614,True
iid,225,Kahn-FIFO,3,3.0,1.0,1,0.0002022099993155,0.000505788999817,True
iid,226,MP,2,3.0,1.5,0,0.0011087299990322,0.0015408499998557,True
iid,226,OMP,2,3.0,1.5,0,0.0011145689995828,0.0014822339999227,True
iid,226,OLS,2,3.0,1.5,0,0.0030372850001185,0.0034356749997641,True
iid,226,FISTA,2,3.0,1.5,0,0.0028228979995219,0.0031914940000206,True
iid,226,IRLS,2,3.0,1.5,0,0.0012194750001981,0.0015678110003136,True
iid,226,FIFO-Windowed,2,2.0,1.0,1,0.0001583839994054,0.0004294959999242,True
iid,226,Kahn-FIFO,2,2.0,1.0,1,0.0001531070006421,0.0004104869999537,True
iid,227,MP,2,2.0,1.0,1,0.0007464739996976,0.0010873790001824,True
iid,227,OMP,2,2.0,1.0,1,0.0009027970004353,0.0012421780002114,True
iid,227,OLS,2,2.0,1.0,1,0.0024647379996167,0.0027692990001924,True
iid,227,FISTA,2,2.0,1.0,1,0.0025311249996775,0.0028348450000521,True
iid,227,IRLS,2,2.0,1.0,1,0.0012180729995634,0.0015112070000213,True
iid,227,FIFO-Windowed,2,3.0,1.5,0,0.0001976329999706,0.0005918759998166,True
iid,227,Kahn-FIFO,2,3.0,1.5,0,0.0002511010002308,0.0006950389997655,True
iid,228,MP,2,3.0,1.5,0,0.0010979370003951,0.0015899529998932,True
iid,228,OMP,2,3.0,1.5,0,0.0012214490002406,0.0015970630001902,True
iid,228,OLS,2,3.0,1.5,0,0.0032878370002435,0.0036621199997171,True
iid,228,FISTA,2,3.0,1.5,0,0.0037357680002969,0.004166275999978,True
iid,228,IRLS,2,3.0,1.5,0,0.0016741389999879,0.0020285620003051,True
iid,228,FIFO-Windowed,2,3.0,1.5,0,0.0002122740006598,0.0005808999999317,True
iid,228,Kahn-FIFO,2,3.0,1.5,0,0.0002278479996675,0.0005480810000335,True
iid,229,MP,3,3.0,1.0,1,0.0012054929998157,0.001678523999999,True
iid,229,OMP,3,3.0,1.0,1,0.0011645419999695,0.0015342310002779,True
iid,229,OLS,3,3.0,1.0,1,0.0032385929998781,0.0036175740001453,True
iid,229,FISTA,3,3.0,1.0,1,0.0031098320000637,0.0035182870001335,True
iid,229,IRLS,3,3.0,1.0,1,0.0017391640008099,0.0021055160000287,True
iid,229,FIFO-Windowed,3,3.0,1.0,1,0.0002144959998986,0.0006359310000334,True
iid,229,Kahn-FIFO,3,3.0,1.0,1,0.0002502089996596,0.0006105130000833,True
complementary,200,MP,2,3.0,1.5,0,0.0010783260004245,0.0014865009998175,True
complementary,200,OMP,2,3.0,1.5,0,0.0011026310003217,0.0014657599999736,True
complementary,200,OLS,2,3.0,1.5,0,0.0032953109998743,0.0036795910000364,True
complementary,200,FISTA,2,3.0,1.5,0,0.0028315409995229,0.0032077779997052,True
complementary,200,IRLS,2,3.0,1.5,0,0.0015606090000801,0.0019141329999001,True
complementary,200,FIFO-Windowed,2,3.0,1.5,0,0.000178433000201,0.0004998990002604,True
complementary,200,Kahn-FIFO,2,3.0,1.5,0,0.000216129999444,0.0005714760000046,True
complementary,201,MP,2,3.0,1.5,0,0.0010230739994767,0.0014268919999267,True
complementary,201,OMP,2,3.0,1.5,0,0.0012900279998575,0.0016597759999967,True
complementary,201,OLS,2,3.0,1.5,0,0.0033286160005445,0.0037025100000391,True
complementary,201,FISTA,2,3.0,1.5,0,0.0031734849999338,0.0035466889999042,True
complementary,201,IRLS,2,3.0,1.5,0,0.0015062590000525,0.0018563079997875,True
complementary,201,FIFO-Windowed,2,2.0,1.0,1,0.0001493709996793,0.0004141829999753,True
complementary,201,Kahn-FIFO,2,2.0,1.0,1,0.0001458369997635,0.0003959959999519,True
complementary,202,MP,2,3.0,1.5,0,0.0016813479996926,0.0024949130001914,True
complementary,202,OMP,2,3.0,1.5,0,0.0014748609996786,0.0018994410002051,True
complementary,202,OLS,2,3.0,1.5,0,0.0034727499996733,0.0038787999997111,True
complementary,202,FISTA,2,3.0,1.5,0,0.0038184419995559,0.0041964110000662,True
complementary,202,IRLS,2,3.0,1.5,0,0.0020115059996896,0.0023896770003375,True
complementary,202,FIFO-Windowed,2,2.0,1.0,1,0.0001536579998173,0.0004344330000094,True
complementary,202,Kahn-FIFO,2,2.0,1.0,1,0.00014630700025,0.0004019650000373,True
complementary,203,MP,2,2.0,1.0,1,0.0007910509998509,0.0011340089999976,True
complementary,203,OMP,2,2.0,1.0,1,0.0008644789995742,0.0011734960003195,True
complementary,203,OLS,2,2.0,1.0,1,0.0028627069996218,0.0031778739999026,True
complementary,203,FISTA,2,2.0,1.0,1,0.0025564540005689,0.0028945340000063,True
complementary,203,IRLS,2,2.0,1.0,1,0.0012267650004105,0.0015247160004037,True
complementary,203,FIFO-Windowed,2,2.0,1.0,1,0.0001718559997243,0.0004537009999694,True
complementary,203,Kahn-FIFO,2,2.0,1.0,1,0.0001658560004216,0.0004255199996805,True
complementary,204,MP,2,2.0,1.0,1,0.0007526849999521,0.00109697400012,True
complementary,204,OMP,2,2.0,1.0,1,0.0009160859995063,0.001281275999645,True
complementary,204,OLS,2,2.0,1.0,1,0.0025035060002664,0.0028097990002606,True
complementary,204,FISTA,2,2.0,1.0,1,0.0025436640003135,0.0028511499999694,True
complementary,204,IRLS,2,2.0,1.0,1,0.0012436100000741,0.0015379559999928,True
complementary,204,FIFO-Windowed,2,3.0,1.5,0,0.0002503499995327,0.0006242039999051,True
complementary,204,Kahn-FIFO,2,3.0,1.5,0,0.000180015999831,0.0004921080003441,True
complementary,205,MP,2,2.0,1.0,1,0.0007740659998489,0.0011305330003779,True
complementary,205,OMP,2,2.0,1.0,1,0.0008440080000582,0.0011491709997244,True
complementary,205,OLS,2,2.0,1.0,1,0.0025718769998093,0.0028804630001104,True
complementary,205,FISTA,2,2.0,1.0,1,0.0024604219997854,0.0028310110001257,True
complementary,205,IRLS,2,2.0,1.0,1,0.0009545809994051,0.0012486979999266,True
complementary,205,FIFO-Windowed,2,2.0,1.0,1,0.0001531660000182,0.0004269820001354,True
complementary,205,Kahn-FIFO,2,2.0,1.0,1,0.000147248999383,0.0004020649998892,True
complementary,206,MP,2,2.0,1.0,1,0.0007656230004613,0.0011135380000268,True
complementary,206,OMP,2,2.0,1.0,1,0.0008527319996574,0.001160357000117,True
complementary,206,OLS,2,2.0,1.0,1,0.0026302430001123,0.0029492449998542,True
complementary,206,FISTA,2,2.0,1.0,1,0.0029826639993189,0.0033131440000033,True
complementary,206,IRLS,2,2.0,1.0,1,0.0011050849993807,0.0014059009999982,True
complementary,206,FIFO-Windowed,2,2.0,1.0,1,0.0001623809998818,0.0004277929997442,True
complementary,206,Kahn-FIFO,2,2.0,1.0,1,0.0001606679998076,0.0004250890001458,True
complementary,207,MP,2,3.0,1.5,0,0.0009790280000743,0.0013840589999745,True
complementary,207,OMP,2,3.0,1.5,0,0.0011757700003727,0.0015448569997715,True
complementary,207,OLS,2,3.0,1.5,0,0.0029071229992041,0.0033070449999286,True
complementary,207,FISTA,2,3.0,1.5,0,0.0027080280005975,0.0030671800000163,True
complementary,207,IRLS,2,3.0,1.5,0,0.0015770339996379,0.0019386489998396,True
complementary,207,FIFO-Windowed,2,3.0,1.5,0,0.0001785749996088,0.0005021030001444,True
complementary,207,Kahn-FIFO,2,3.0,1.5,0,0.0001738579999255,0.0004782979999617,True
complementary,208,MP,2,2.0,1.0,1,0.0007559189998573,0.001103133000015,True
complementary,208,OMP,2,2.0,1.0,1,0.0008544650004296,0.001159966999694,True
complementary,208,OLS,2,2.0,1.0,1,0.002706226000555,0.0030164539998622,True
complementary,208,FISTA,2,2.0,1.0,1,0.0025777360001484,0.0028819859999202,True
complementary,208,IRLS,2,2.0,1.0,1,0.0013083649996588,0.0016112339999381,True
complementary,208,FIFO-Windowed,2,3.0,1.5,0,0.0001808770002753,0.0005120880000504,True
complementary,208,Kahn-FIFO,2,3.0,1.5,0,0.0002222789994448,0.0011046950003219,True
complementary,209,MP,2,2.0,1.0,1,0.000706485000137,0.0010480719997758,True
complementary,209,OMP,2,2.0,1.0,1,0.0011258159997851,0.0015051079999466,True
complementary,209,OLS,2,2.0,1.0,1,0.0023708690009698,0.0027455240001472,True
complementary,209,FISTA,2,2.0,1.0,1,0.0024861599999894,0.0027910409999094,True
complementary,209,IRLS,2,2.0,1.0,1,0.0012522130004981,0.0015728680000393,True
complementary,209,FIFO-Windowed,2,2.0,1.0,1,0.0001567620001878,0.0004329710000092,True
complementary,209,Kahn-FIFO,2,2.0,1.0,1,0.0001500830003351,0.0004001319998678,True
complementary,210,MP,3,3.0,1.0,1,0.0009774570003173,0.00138198500008,True
complementary,210,OMP,3,3.0,1.0,1,0.0010865690001082,0.0014520990002893,True
complementary,210,OLS,3,3.0,1.0,1,0.0029059000003144,0.0032746270003372,True
complementary,210,FISTA,3,3.0,1.0,1,0.0029081329994369,0.0032916219997787,True
complementary,210,IRLS,3,3.0,1.0,1,0.0015484509999623,0.0019101779998891,True
complementary,210,FIFO-Windowed,3,3.0,1.0,1,0.0002301389995409,0.0005928770001446,True
complementary,210,Kahn-FIFO,3,3.0,1.0,1,0.0001880079998954,0.0005038560002503,True
complementary,211,MP,2,2.0,1.0,1,0.0008431669998572,0.0011959799999203,True
complementary,211,OMP,2,2.0,1.0,1,0.001011938999909,0.0013366690000111,True
complementary,211,OLS,2,2.0,1.0,1,0.0027108109998152,0.0030178960000739,True
complementary,211,FISTA,2,2.0,1.0,1,0.002467370999966,0.0027666350001709,True
complementary,211,IRLS,2,2.0,1.0,1,0.0012739649991999,0.0015703239996582,True
complementary,211,FIFO-Windowed,2,2.0,1.0,1,0.0001504729998487,0.0004239879999659,True
complementary,211,Kahn-FIFO,2,2.0,1.0,1,0.0001524259996585,0.0004086650001227,True
complementary,212,MP,2,3.0,1.5,0,0.0009872620007627,0.0013966970000183,True
complementary,212,OMP,2,3.0,1.5,0,0.0010981139994328,0.0014722589999109,True
complementary,212,OLS,2,3.0,1.5,0,0.0028964069997527,0.0032714920002945,True
complementary,212,FISTA,2,3.0,1.5,0,0.0027785410002252,0.0031759509997755,True
complementary,212,IRLS,2,3.0,1.5,0,0.0015559020007458,0.0019673709998642,True
complementary,212,FIFO-Windowed,2,2.0,1.0,1,0.0001804579997042,0.0004714080000667,True
complementary,212,Kahn-FIFO,2,2.0,1.0,1,0.0001535290002721,0.0004152749997956,True
complementary,213,MP,3,3.0,1.0,1,0.0010513370007174,0.0014675119996354,True
complementary,213,OMP,3,3.0,1.0,1,0.0012307909996707,0.001617804000034,True
complementary,213,OLS,3,3.0,1.0,1,0.0045502539992412,0.0049382390002392,True
complementary,213,FISTA,3,3.0,1.0,1,0.0037525439997807,0.0041305439999632,True
complementary,213,IRLS,3,3.0,1.0,1,0.0018808439999702,0.0022725029998582,True
complementary,213,FIFO-Windowed,3,3.0,1.0,1,0.0002316730005986,0.0005697640003745,True
complementary,213,Kahn-FIFO,3,3.0,1.0,1,0.0001989640009014,0.0005197790001147,True
complementary,214,MP,2,2.0,1.0,1,0.0008227570001508,0.0011728459999176,True
complementary,214,OMP,2,2.0,1.0,1,0.0008476050002172,0.0011572130001695,True
complementary,214,OLS,2,2.0,1.0,1,0.0025999579997915,0.0029430660001708,True
complementary,214,FISTA,2,2.0,1.0,1,0.0024755750000622,0.0027746869996008,True
complementary,214,IRLS,2,2.0,1.0,1,0.0013333829992916,0.0016718450001462,True
complementary,214,FIFO-Windowed,2,2.0,1.0,1,0.0001632809999136,0.0004319790000408,True
complementary,214,Kahn-FIFO,2,2.0,1.0,1,0.0001572950000081,0.0004267409999556,True
complementary,215,MP,2,3.0,1.5,0,0.0010036040002887,0.0014233070000955,True
complementary,215,OMP,2,3.0,1.5,0,0.0011300019996269,0.0014924790002623,True
complementary,215,OLS,2,3.0,1.5,0,0.0031897410003693,0.0035583469998528,True
complementary,215,FISTA,2,3.0,1.5,0,0.0040592779996586,0.0045491429996218,True
complementary,215,IRLS,2,3.0,1.5,0,0.0018312410006728,0.0022617969998464,True
complementary,215,FIFO-Windowed,2,2.0,1.0,1,0.0001596359998075,0.0004386000000522,True
complementary,215,Kahn-FIFO,2,2.0,1.0,1,0.0001526260002719,0.0004102980001334,True
complementary,216,MP,2,3.0,1.5,0,0.000974001999566,0.0013783800000055,True
complementary,216,OMP,2,3.0,1.5,0,0.001083553999706,0.0014497360002678,True
complementary,216,OLS,2,3.0,1.5,0,0.0028316399993855,0.003238913000132,True
complementary,216,FISTA,2,3.0,1.5,0,0.0027608470004452,0.0031468970000787,True
complementary,216,IRLS,2,3.0,1.5,0,0.0013941039997007,0.0018075550001412,True
complementary,216,FIFO-Windowed,2,3.0,1.5,0,0.0002276069999425,0.0005682210003215,True
complementary,216,Kahn-FIFO,2,3.0,1.5,0,0.0001920349991451,0.0005033649999859,True
complementary,217,MP,2,2.0,1.0,1,0.0008999220003715,0.0012716719998024,True
complementary,217,OMP,2,2.0,1.0,1,0.0008550560000912,0.0011578040002859,True
complementary,217,OLS,2,2.0,1.0,1,0.0025009689993567,0.0028452910000851,True
complementary,217,FISTA,2,2.0,1.0,1,0.0024631550004414,0.0027634409998427,True
complementary,217,IRLS,2,2.0,1.0,1,0.0013128030000189,0.0016274990002784,True
complementary,217,FIFO-Windowed,2,3.0,1.5,0,0.000172585999735,0.0005044660001658,True
complementary,217,Kahn-FIFO,2,3.0,1.5,0,0.0001691020006546,0.0004814419999092,True
complementary,218,MP,2,2.0,1.0,1,0.000748227000713,0.0011191070002496,True
complementary,218,OMP,2,2.0,1.0,1,0.0008333430005222,0.001145154000369,True
complementary,218,OLS,2,2.0,1.0,1,0.0025379270000485,0.0028523319997475,True
complementary,218,FISTA,2,2.0,1.0,1,0.0025104549999923,0.0028182209998703,True
complementary,218,IRLS,2,2.0,1.0,1,0.0013003740000385,0.0015966229998412,True
complementary,218,FIFO-Windowed,2,2.0,1.0,1,0.00015180399987,0.0004265709999344,True
complementary,218,Kahn-FIFO,2,2.0,1.0,1,0.0001454560010643,0.0004001919996881,True
complementary,219,MP,2,3.0,1.5,0,0.0010587559995656,0.0014629249999416,True
complementary,219,OMP,2,3.0,1.5,0,0.0012933750003867,0.0016983929999696,True
complementary,219,OLS,2,3.0,1.5,0,0.0036801450005441,0.004185064000012,True
complementary,219,FISTA,2,3.0,1.5,0,0.0038020970005163,0.0041947380000237,True
complementary,219,IRLS,2,3.0,1.5,0,0.0019031349997931,0.002267615999699,True
complementary,219,FIFO-Windowed,2,3.0,1.5,0,0.0001728759998513,0.00049569399971,True
complementary,219,Kahn-FIFO,2,3.0,1.5,0,0.0001658769997447,0.0005183479997867,True
complementary,220,MP,2,3.0,1.5,0,0.0010354020000704,0.0014709070001117,True
complementary,220,OMP,2,3.0,1.5,0,0.0012405049992594,0.0016100830002869,True
complementary,220,OLS,2,3.0,1.5,0,0.0028635790004045,0.0032854730002327,True
complementary,220,FISTA,2,3.0,1.5,0,0.002979007999329,0.0033566580000297,True
complementary,220,IRLS,2,3.0,1.5,0,0.0016074369991656,0.0019712869998329,True
complementary,220,FIFO-Windowed,2,3.0,1.5,0,0.0001892689997475,0.0005157830000825,True
complementary,220,Kahn-FIFO,2,3.0,1.5,0,0.0001790349992916,0.000481253000089,True
complementary,221,MP,2,3.0,1.5,0,0.0010428030004732,0.0014477330000772,True
complementary,221,OMP,2,3.0,1.5,0,0.0012640500003726,0.0016583139999966,True
complementary,221,OLS,2,3.0,1.5,0,0.0045302659996195,0.004922895999698,True
complementary,221,FISTA,2,3.0,1.5,0,0.0040670679991308,0.0044586389999494,True
complementary,221,IRLS,2,3.0,1.5,0,0.0017806159999054,0.0021421000001282,True
complementary,221,FIFO-Windowed,2,2.0,1.0,1,0.0001898019995678,0.0004815130000679,True
complementary,221,Kahn-FIFO,2,2.0,1.0,1,0.0001499410000178,0.0004367559999991,True
complementary,222,MP,2,3.0,1.5,0,0.0009896550000121,0.0014036370002941,True
complementary,222,OMP,2,3.0,1.5,0,0.0012067860006936,0.0015780459998495,True
complementary,222,OLS,2,3.0,1.5,0,0.0031308140005421,0.0035140609998052,True
complementary,222,FISTA,2,3.0,1.5,0,0.0027132469999742,0.003134940000109,True
complementary,222,IRLS,2,3.0,1.5,0,0.0013954949995422,0.0017550379998283,True
complementary,222,FIFO-Windowed,2,3.0,1.5,0,0.000182069999937,0.000509324000177,True
complementary,222,Kahn-FIFO,2,3.0,1.5,0,0.0001791559998309,0.0004929099995933,True
complementary,223,MP,2,3.0,1.5,0,0.0009976059991458,0.0014032770000085,True
complementary,223,OMP,2,3.0,1.5,0,0.0010918369998762,0.0014675829997941,True
complementary,223,OLS,2,3.0,1.5,0,0.0030273410006884,0.0033942830000341,True
complementary,223,FISTA,2,3.0,1.5,0,0.0027737049990719,0.003153728000143,True
complementary,223,IRLS,2,3.0,1.5,0,0.0014173780000419,0.0018352060001234,True
complementary,223,FIFO-Windowed,2,2.0,1.0,1,0.0001678489998084,0.0004828850001104,True
complementary,223,Kahn-FIFO,2,2.0,1.0,1,0.0001587729998391,0.0004183089999969,True
complementary,224,MP,2,3.0,1.5,0,0.0011428409989093,0.0015740190001451,True
complementary,224,OMP,2,3.0,1.5,0,0.0011654039999484,0.0019384389997867,True
complementary,224,OLS,2,3.0,1.5,0,0.0042786570006683,0.0046710080000593,True
complementary,224,FISTA,2,3.0,1.5,0,0.0028875329999209,0.0032625989997541,True
complementary,224,IRLS,2,3.0,1.5,0,0.0015672399999857,0.0019698749997587,True
complementary,224,FIFO-Windowed,2,3.0,1.5,0,0.0001859059993876,0.0005157740001777,True
complementary,224,Kahn-FIFO,2,3.0,1.5,0,0.0001795050006876,0.0004929900001116,True
complementary,225,MP,2,3.0,1.5,0,0.0012017990002277,0.0017499000000498,True
complementary,225,OMP,2,3.0,1.5,0,0.0011994450005659,0.0015713460002189,True
complementary,225,OLS,2,3.0,1.5,0,0.0030675909993078,0.0034465310000086,True
complementary,225,FISTA,2,3.0,1.5,0,0.0029650080000465,0.0033474649999334,True
complementary,225,IRLS,2,3.0,1.5,0,0.0014016540003467,0.0017556980001245,True
complementary,225,FIFO-Windowed,2,3.0,1.5,0,0.0001867169994511,0.0005153030001565,True
complementary,225,Kahn-FIFO,2,3.0,1.5,0,0.0001776820004124,0.000484857000174,True
complementary,226,MP,3,3.0,1.0,1,0.0011195550000593,0.0015685510002185,True
complementary,226,OMP,3,3.0,1.0,1,0.0012281369999982,0.0016005590000531,True
complementary,226,OLS,3,3.0,1.0,1,0.0034046199994008,0.0037762289998681,True
complementary,226,FISTA,3,3.0,1.0,1,0.003798762000315,0.0041745480002646,True
complementary,226,IRLS,3,3.0,1.0,1,0.0018558659999143,0.0022305620000224,True
complementary,226,FIFO-Windowed,3,3.0,1.0,1,0.0002136369998879,0.0005499740000232,True
complementary,226,Kahn-FIFO,3,3.0,1.0,1,0.000184893000096,0.0004942519999531,True
complementary,227,MP,2,2.0,1.0,1,0.0008363189999727,0.0012179630002719,True
complementary,227,OMP,2,2.0,1.0,1,0.0008673920006003,0.0011749690002034,True
complementary,227,OLS,2,2.0,1.0,1,0.0026336690002608,0.0029473730000972,True
complementary,227,FISTA,2,2.0,1.0,1,0.0024823349995131,0.0027822779998132,True
complementary,227,IRLS,2,2.0,1.0,1,0.001340013000572,0.0016507430000274,True
complementary,227,FIFO-Windowed,2,2.0,1.0,1,0.0001527159993202,0.0004262999996171,True
complementary,227,Kahn-FIFO,2,2.0,1.0,1,0.0001467670008423,0.0004043180001644,True
complementary,228,MP,2,3.0,1.5,0,0.0010307459992873,0.0014391600002454,True
complementary,228,OMP,2,3.0,1.5,0,0.0013092180001876,0.0016830200002004,True
complementary,228,OLS,2,3.0,1.5,0,0.0031694200006313,0.0035441760001049,True
complementary,228,FISTA,2,3.0,1.5,0,0.0037336749996939,0.0041123159999187,True
complementary,228,IRLS,2,3.0,1.5,0,0.0016520749995834,0.0020137100000283,True
complementary,228,FIFO-Windowed,2,3.0,1.5,0,0.0001841229995989,0.000515673999871,True
complementary,228,Kahn-FIFO,2,3.0,1.5,0,0.0001781830001164,0.0004938810002386,True
complementary,229,MP,2,2.0,1.0,1,0.0007533839998359,0.0010990460000357,True
complementary,229,OMP,2,2.0,1.0,1,0.0008372200004487,0.0011457549999249,True
complementary,229,OLS,2,2.0,1.0,1,0.002553579999585,0.0028667930000665,True
complementary,229,FISTA,2,2.0,1.0,1,0.0025476310001977,0.0028539950003505,True
complementary,229,IRLS,2,2.0,1.0,1,0.0012528530005511,0.0015476200001103,True
complementary,229,FIFO-Windowed,2,2.0,1.0,1,0.0001629009998396,0.0004444170003807,True
complementary,229,Kahn-FIFO,2,2.0,1.0,1,0.0002753479998318,0.0006253659998947,True
